LastName,Name,AnnualIncome,Month,Super
David5,Cohan5,60050,March,0.9
David6,Cohan6,62436.2406,March,0.1
David7,Cohan7,63060.60301,March,0.1
David8,Cohan8,63691.20904,March,0.1
David9,Cohan9,64328.12113,March,0.1
David10,Cohan10,64971.40234,March,0.1
David11,Cohan11,65621.11636,March,0.1
David12,Cohan12,66277.32752,March,0.1
David13,Cohan13,66940.1008,March,0.1
David14,Cohan14,67609.50181,March,0.1
David15,Cohan15,68285.59683,March,0.1
David16,Cohan16,68968.45279,March,0.1
David17,Cohan17,69658.13732,March,0.1
David18,Cohan18,70354.7187,March,0.1
David19,Cohan19,71058.26588,March,0.1
David20,Cohan20,71768.84854,March,0.1
David21,Cohan21,72486.53703,March,0.1
David22,Cohan22,73211.4024,March,0.1
David23,Cohan23,73943.51642,March,0.1
David24,Cohan24,74682.95159,March,0.1
David25,Cohan25,75429.7811,March,0.1
David26,Cohan26,76184.07891,March,0.1
David27,Cohan27,76945.9197,March,0.1
David28,Cohan28,77715.3789,March,0.1
David29,Cohan29,78492.53269,March,0.1
David30,Cohan30,79277.45801,March,0.1
David31,Cohan31,80070.23259,March,0.1
David32,Cohan32,80870.93492,March,0.1
David33,Cohan33,81679.64427,March,0.1
David34,Cohan34,82496.44071,March,0.1
David35,Cohan35,83321.40512,March,0.1
David36,Cohan36,84154.61917,March,0.1
David37,Cohan37,84996.16536,March,0.1
David38,Cohan38,85846.12702,March,0.1
David39,Cohan39,86704.58829,March,0.1
David40,Cohan40,87571.63417,March,0.1
David41,Cohan41,88447.35051,March,0.1
David42,Cohan42,89331.82402,March,0.1
David43,Cohan43,90225.14226,March,0.1
David44,Cohan44,91127.39368,March,0.1
David45,Cohan45,92038.66761,March,0.1
David46,Cohan46,92959.05429,March,0.1
David47,Cohan47,93888.64483,March,0.1
David48,Cohan48,94827.53128,March,0.1
David49,Cohan49,95775.80659,March,0.1
David50,Cohan50,96733.56466,March,0.1
David51,Cohan51,97700.90031,March,0.1
David52,Cohan52,98677.90931,March,0.1
David53,Cohan53,99664.6884,March,0.1
David54,Cohan54,100661.3353,March,0.1
David55,Cohan55,101667.9486,March,0.1
David56,Cohan56,102684.6281,March,0.1
David57,Cohan57,103711.4744,March,0.1
David58,Cohan58,104748.5892,March,0.1
David59,Cohan59,105796.075,March,0.1
David60,Cohan60,106854.0358,March,0.1
David61,Cohan61,107922.5762,March,0.1
David62,Cohan62,109001.8019,March,0.1
David63,Cohan63,110091.8199,March,0.1
David64,Cohan64,111192.7381,March,0.1
David65,Cohan65,112304.6655,March,0.1
David66,Cohan66,113427.7122,March,0.1
David67,Cohan67,114561.9893,March,0.1
David68,Cohan68,115707.6092,March,0.1
David69,Cohan69,116864.6853,March,0.1
David70,Cohan70,118033.3321,March,0.1
David71,Cohan71,119213.6654,March,0.1
David72,Cohan72,120405.8021,March,0.1
David73,Cohan73,121609.8601,March,0.1
David74,Cohan74,122825.9587,March,0.1
David75,Cohan75,124054.2183,March,0.1
David76,Cohan76,125294.7605,March,0.1
David77,Cohan77,126547.7081,March,0.1
David78,Cohan78,127813.1852,March,0.1
David79,Cohan79,129091.317,March,0.1
David80,Cohan80,130382.2302,March,0.1
David81,Cohan81,131686.0525,March,0.1
David82,Cohan82,133002.913,March,0.1
David83,Cohan83,134332.9422,March,0.1
David84,Cohan84,135676.2716,March,0.1
David85,Cohan85,137033.0343,March,0.1
David86,Cohan86,138403.3646,March,0.1
David87,Cohan87,139787.3983,March,0.1
David88,Cohan88,141185.2723,March,0.1
David89,Cohan89,142597.125,March,0.1
David90,Cohan90,144023.0962,March,0.1
David91,Cohan91,145463.3272,March,0.1
David92,Cohan92,146917.9605,March,0.1
David93,Cohan93,148387.1401,March,0.1
David94,Cohan94,149871.0115,March,0.1
David95,Cohan95,151369.7216,March,0.1
David96,Cohan96,152883.4188,March,0.1
David97,Cohan97,154412.253,March,0.1
David98,Cohan98,155956.3755,March,0.1
David99,Cohan99,157515.9393,March,0.1
David100,Cohan100,159091.0987,March,0.1
David101,Cohan101,160682.0097,March,0.1
David102,Cohan102,162288.8298,March,0.1
David103,Cohan103,163911.7181,March,0.1
David104,Cohan104,165550.8352,March,0.1
David105,Cohan105,167206.3436,March,0.1
David106,Cohan106,168878.407,March,0.1
David107,Cohan107,170567.1911,March,0.1
David108,Cohan108,172272.863,March,0.1
David109,Cohan109,173995.5916,March,0.1
David110,Cohan110,175735.5476,March,0.1
David111,Cohan111,177492.903,March,0.1
David112,Cohan112,179267.8321,March,0.1
David113,Cohan113,181060.5104,March,0.1
David114,Cohan114,182871.1155,March,0.1
David115,Cohan115,184699.8266,March,0.1
David116,Cohan116,186546.8249,March,0.1
David117,Cohan117,188412.2932,March,0.1
David118,Cohan118,190296.4161,March,0.1
David119,Cohan119,192199.3803,March,0.1
David120,Cohan120,194121.3741,March,0.1
David121,Cohan121,196062.5878,March,0.1
David122,Cohan122,198023.2137,March,0.1
David123,Cohan123,200003.4458,March,0.1
David124,Cohan124,202003.4803,March,0.1
David125,Cohan125,204023.5151,March,0.1
David126,Cohan126,206063.7502,March,0.1
David127,Cohan127,208124.3877,March,0.1
David128,Cohan128,210205.6316,March,0.1
David129,Cohan129,212307.6879,March,0.1
David130,Cohan130,214430.7648,March,0.1
David131,Cohan131,216575.0724,March,0.1
David132,Cohan132,218740.8232,March,0.1
David133,Cohan133,220928.2314,March,0.1
David134,Cohan134,223137.5137,March,0.1
David135,Cohan135,225368.8889,March,0.1
David136,Cohan136,227622.5777,March,0.1
David137,Cohan137,229898.8035,March,0.1
David138,Cohan138,232197.7916,March,0.1
David139,Cohan139,234519.7695,March,0.1
David140,Cohan140,236864.9672,March,0.1
David141,Cohan141,239233.6168,March,0.1
David142,Cohan142,241625.953,March,0.1
David143,Cohan143,244042.2125,March,0.1
David144,Cohan144,246482.6347,March,0.1
David145,Cohan145,248947.461,March,0.1
David146,Cohan146,251436.9356,March,0.1
David147,Cohan147,253951.305,March,0.1
David148,Cohan148,256490.818,March,0.1
David149,Cohan149,259055.7262,March,0.1
David150,Cohan150,261646.2835,March,0.1
David151,Cohan151,264262.7463,March,0.1
David152,Cohan152,266905.3738,March,0.1
David153,Cohan153,269574.4275,March,0.1
David154,Cohan154,272270.1718,March,0.1
David155,Cohan155,274992.8735,March,0.1
David156,Cohan156,277742.8022,March,0.1
David157,Cohan157,280520.2302,March,0.1
David158,Cohan158,283325.4326,March,0.1
David159,Cohan159,286158.6869,March,0.1
David160,Cohan160,289020.2737,March,0.1
David161,Cohan161,291910.4765,March,0.1
David162,Cohan162,294829.5812,March,0.1
David163,Cohan163,297777.8771,March,0.1
David164,Cohan164,300755.6558,March,0.1
David165,Cohan165,303763.2124,March,0.1
David166,Cohan166,306800.8445,March,0.1
David167,Cohan167,309868.853,March,0.1
David168,Cohan168,312967.5415,March,0.1
David169,Cohan169,316097.2169,March,0.1
David170,Cohan170,319258.1891,March,0.1
David171,Cohan171,322450.771,March,0.1
David172,Cohan172,325675.2787,March,0.1
David173,Cohan173,328932.0315,March,0.1
David174,Cohan174,332221.3518,March,0.1
David175,Cohan175,335543.5653,March,0.1
David176,Cohan176,338899.0009,March,0.1
David177,Cohan177,342287.991,March,0.1
David178,Cohan178,345710.8709,March,0.1
David179,Cohan179,349167.9796,March,0.1
David180,Cohan180,352659.6594,March,0.1
David181,Cohan181,356186.256,March,0.1
David182,Cohan182,359748.1185,March,0.1
David183,Cohan183,363345.5997,March,0.1
David184,Cohan184,366979.0557,March,0.1
David185,Cohan185,370648.8463,March,0.1
David186,Cohan186,374355.3347,March,0.1
David187,Cohan187,378098.8881,March,0.1
David188,Cohan188,381879.877,March,0.1
David189,Cohan189,385698.6757,March,0.1
David190,Cohan190,389555.6625,March,0.1
David191,Cohan191,393451.2191,March,0.1
David192,Cohan192,397385.7313,March,0.1
David193,Cohan193,401359.5886,March,0.1
David194,Cohan194,405373.1845,March,0.1
David195,Cohan195,409426.9163,March,0.1
David196,Cohan196,413521.1855,March,0.1
David197,Cohan197,417656.3974,March,0.1
David198,Cohan198,421832.9613,March,0.1
David199,Cohan199,426051.2909,March,0.1
David200,Cohan200,430311.8039,March,0.1
